Workload,Architecture,Algorithm,Capacity,Hits,Hit_Ratio_%,Ideal_Hits,Efficiency_%,Memory_Accesses
LOOP,Single,LRU,30,0,0.00,4235,0.00,5000
LOOP,Single,2Q,30,0,0.00,4235,0.00,5000
LOOP,Single,LFU,30,0,0.00,4235,0.00,5000
LOOP,Single,LIRS,30,4118,82.36,4235,97.24,882
LOOP,Single,ARC,30,0,0.00,4235,0.00,5000
LOOP,Multi_Inclusive,LRU+LRU,20,0,0.00,2775,0.00,5000
LOOP,Multi_Exclusive,LRU+LRU,30,0,0.00,4235,0.00,5000
LOOP,Multi_Inclusive,2Q+LRU,20,0,0.00,2775,0.00,5000
LOOP,Multi_Exclusive,2Q+LRU,30,0,0.00,4235,0.00,5000
LOOP,Multi_Inclusive,LFU+LRU,20,0,0.00,2775,0.00,5000
LOOP,Multi_Exclusive,LFU+LRU,30,0,0.00,4235,0.00,5000
LOOP,Multi_Inclusive,LIRS+LRU,20,0,0.00,2775,0.00,5000
LOOP,Multi_Exclusive,LIRS+LRU,30,1278,25.56,4235,30.18,3722
LOOP,Multi_Inclusive,ARC+LRU,20,0,0.00,2775,0.00,5000
LOOP,Multi_Exclusive,ARC+LRU,30,0,0.00,4235,0.00,5000
SCAN,Single,LRU,30,0,0.00,0,0.00,5000
SCAN,Single,2Q,30,0,0.00,0,0.00,5000
SCAN,Single,LFU,30,0,0.00,0,0.00,5000
SCAN,Single,LIRS,30,0,0.00,0,0.00,5000
SCAN,Single,ARC,30,0,0.00,0,0.00,5000
SCAN,Multi_Inclusive,LRU+LRU,20,0,0.00,0,0.00,5000
SCAN,Multi_Exclusive,LRU+LRU,30,0,0.00,0,0.00,5000
SCAN,Multi_Inclusive,2Q+LRU,20,0,0.00,0,0.00,5000
SCAN,Multi_Exclusive,2Q+LRU,30,0,0.00,0,0.00,5000
SCAN,Multi_Inclusive,LFU+LRU,20,0,0.00,0,0.00,5000
SCAN,Multi_Exclusive,LFU+LRU,30,0,0.00,0,0.00,5000
SCAN,Multi_Inclusive,LIRS+LRU,20,0,0.00,0,0.00,5000
SCAN,Multi_Exclusive,LIRS+LRU,30,0,0.00,0,0.00,5000
SCAN,Multi_Inclusive,ARC+LRU,20,0,0.00,0,0.00,5000
SCAN,Multi_Exclusive,ARC+LRU,30,0,0.00,0,0.00,5000
HOT/COLD,Single,LRU,30,4261,85.22,4392,97.02,739
HOT/COLD,Single,2Q,30,4276,85.52,4392,97.36,724
HOT/COLD,Single,LFU,30,4275,85.50,4392,97.34,725
HOT/COLD,Single,LIRS,30,4277,85.54,4392,97.38,723
HOT/COLD,Single,ARC,30,4271,85.42,4392,97.24,729
HOT/COLD,Multi_Inclusive,LRU+LRU,20,3781,75.62,4320,87.52,1219
HOT/COLD,Multi_Exclusive,LRU+LRU,30,4261,85.22,4392,97.02,739
HOT/COLD,Multi_Inclusive,2Q+LRU,20,3595,71.90,4320,83.22,1405
HOT/COLD,Multi_Exclusive,2Q+LRU,30,4264,85.28,4392,97.09,736
HOT/COLD,Multi_Inclusive,LFU+LRU,20,3569,71.38,4320,82.62,1431
HOT/COLD,Multi_Exclusive,LFU+LRU,30,4267,85.34,4392,97.15,733
HOT/COLD,Multi_Inclusive,LIRS+LRU,20,3399,67.98,4320,78.68,1601
HOT/COLD,Multi_Exclusive,LIRS+LRU,30,4278,85.56,4392,97.40,722
HOT/COLD,Multi_Inclusive,ARC+LRU,20,3891,77.82,4320,90.07,1109
HOT/COLD,Multi_Exclusive,ARC+LRU,30,4269,85.38,4392,97.20,731
WORKING_SET,Single,LRU,30,4702,94.04,4747,99.05,298
WORKING_SET,Single,2Q,30,4692,93.84,4747,98.84,308
WORKING_SET,Single,LFU,30,475,9.50,4747,10.01,4525
WORKING_SET,Single,LIRS,30,4531,90.62,4747,95.45,469
WORKING_SET,Single,ARC,30,4697,93.94,4747,98.95,303
WORKING_SET,Multi_Inclusive,LRU+LRU,20,3863,77.26,4505,85.75,1137
WORKING_SET,Multi_Exclusive,LRU+LRU,30,4702,94.04,4747,99.05,298
WORKING_SET,Multi_Inclusive,2Q+LRU,20,3878,77.56,4505,86.08,1122
WORKING_SET,Multi_Exclusive,2Q+LRU,30,4702,94.04,4747,99.05,298
WORKING_SET,Multi_Inclusive,LFU+LRU,20,3871,77.42,4505,85.93,1129
WORKING_SET,Multi_Exclusive,LFU+LRU,30,3955,79.10,4747,83.32,1045
WORKING_SET,Multi_Inclusive,LIRS+LRU,20,3861,77.22,4505,85.70,1139
WORKING_SET,Multi_Exclusive,LIRS+LRU,30,4743,94.86,4747,99.92,257
WORKING_SET,Multi_Inclusive,ARC+LRU,20,3883,77.66,4505,86.19,1117
WORKING_SET,Multi_Exclusive,ARC+LRU,30,4704,94.08,4747,99.09,296
MIXED,Single,LRU,30,2772,55.44,3444,80.49,2228
MIXED,Single,2Q,30,2880,57.60,3444,83.62,2120
MIXED,Single,LFU,30,2874,57.48,3444,83.45,2126
MIXED,Single,LIRS,30,2732,54.64,3444,79.33,2268
MIXED,Single,ARC,30,2810,56.20,3444,81.59,2190
MIXED,Multi_Inclusive,LRU+LRU,20,2631,52.62,3243,81.13,2369
MIXED,Multi_Exclusive,LRU+LRU,30,2772,55.44,3444,80.49,2228
MIXED,Multi_Inclusive,2Q+LRU,20,2622,52.44,3243,80.85,2378
MIXED,Multi_Exclusive,2Q+LRU,30,2816,56.32,3444,81.77,2184
MIXED,Multi_Inclusive,LFU+LRU,20,2619,52.38,3243,80.76,2381
MIXED,Multi_Exclusive,LFU+LRU,30,2813,56.26,3444,81.68,2187
MIXED,Multi_Inclusive,LIRS+LRU,20,2619,52.38,3243,80.76,2381
MIXED,Multi_Exclusive,LIRS+LRU,30,2789,55.78,3444,80.98,2211
MIXED,Multi_Inclusive,ARC+LRU,20,2680,53.60,3243,82.64,2320
MIXED,Multi_Exclusive,ARC+LRU,30,2783,55.66,3444,80.81,2217
RANDOM,Single,LRU,30,1010,20.20,2619,38.56,3990
RANDOM,Single,2Q,30,1028,20.56,2619,39.25,3972
RANDOM,Single,LFU,30,1004,20.08,2619,38.34,3996
RANDOM,Single,LIRS,30,1222,24.44,2619,46.66,3778
RANDOM,Single,ARC,30,1005,20.10,2619,38.37,3995
RANDOM,Multi_Inclusive,LRU+LRU,20,690,13.80,2139,32.26,4310
RANDOM,Multi_Exclusive,LRU+LRU,30,1010,20.20,2619,38.56,3990
RANDOM,Multi_Inclusive,2Q+LRU,20,687,13.74,2139,32.12,4313
RANDOM,Multi_Exclusive,2Q+LRU,30,1039,20.78,2619,39.67,3961
RANDOM,Multi_Inclusive,LFU+LRU,20,687,13.74,2139,32.12,4313
RANDOM,Multi_Exclusive,LFU+LRU,30,1030,20.60,2619,39.33,3970
RANDOM,Multi_Inclusive,LIRS+LRU,20,678,13.56,2139,31.70,4322
RANDOM,Multi_Exclusive,LIRS+LRU,30,1291,25.82,2619,49.29,3709
RANDOM,Multi_Inclusive,ARC+LRU,20,689,13.78,2139,32.21,4311
RANDOM,Multi_Exclusive,ARC+LRU,30,1023,20.46,2619,39.06,3977
